condition,condition_family,detector,chord_cluster_window_s,confirmation_delay_s,fixed_cutoff_s,theta,window_size,min_intensity,min_cutoff_s,max_cutoff_s,deadline_s,call_count,true_positive_count,false_positive_count,false_negative_count,precision,recall,premature_sensitive_first_commit_f1,f1,success_count,premature_count,late_count,missed_count,signed_error_effective_n,median_signed_error_s,mean_absolute_error_s,p90_absolute_error_s,f1_ci95_low,f1_ci95_high,candidate_count,cancel_count,candidate_cancel_rate,premature_decision_count
adaptive_full,main,adaptive,0.08,0.15,,0.05,8,0.25,,,0.5,100,12.0,34.0,88.0,0.2608695652173913,0.12,0.1643835616438356,0.1643835616438356,12.0,34.0,54.0,0.0,12.0,0.3897549166666517,0.3470737086805433,0.41207968333332395,0.08821919278660367,0.25,109,9,0.08256880733944955,34
adaptive_full,main,adaptive,0.08,0.15,,0.05,8,0.25,,,1.0,100,40.0,34.0,60.0,0.5405405405405406,0.4,0.45977011494252873,0.45977011494252873,40.0,34.0,26.0,0.0,40.0,0.6709374999999795,0.6169018089583149,0.8264453968749772,0.35835053674649053,0.5652488062327216,109,9,0.08256880733944955,34
adaptive_full,main,adaptive,0.08,0.15,,0.05,8,0.25,,,2.0,100,60.0,34.0,40.0,0.6382978723404256,0.6,0.6185567010309279,0.6185567010309279,60.0,34.0,6.0,0.0,60.0,0.7784071562499806,0.8529452135763711,1.3345585827083084,0.523076923076923,0.7106598984771574,109,9,0.08256880733944955,34
adaptive_no_clustering,main,adaptive,0.0,0.15,,0.05,8,0.25,,,0.5,100,12.0,35.0,88.0,0.2553191489361702,0.12,0.16326530612244897,0.16326530612244897,12.0,35.0,53.0,0.0,12.0,0.21787990937499718,0.2654070420138783,0.40577083333331976,0.08694088207694714,0.24661785545583348,111,11,0.0990990990990991,35
adaptive_no_clustering,main,adaptive,0.0,0.15,,0.05,8,0.25,,,1.0,100,40.0,35.0,60.0,0.5333333333333333,0.4,0.4571428571428572,0.4571428571428572,40.0,35.0,25.0,0.0,40.0,0.6709374999999795,0.5924018089583154,0.8264453968749772,0.3562895327484187,0.5632183908045978,111,11,0.0990990990990991,35
adaptive_no_clustering,main,adaptive,0.0,0.15,,0.05,8,0.25,,,2.0,100,60.0,35.0,40.0,0.631578947368421,0.6,0.6153846153846154,0.6153846153846154,60.0,35.0,5.0,0.0,60.0,0.7784071562499806,0.8366118802430381,1.3345585827083084,0.5204081632653061,0.7083914974619286,111,11,0.0990990990990991,35
adaptive_no_confirmation,main,adaptive,0.08,0.0,,0.05,8,0.25,,,0.5,100,18.0,42.0,82.0,0.3,0.18,0.225,0.225,18.0,42.0,40.0,0.0,18.0,0.251868883333326,0.27791316817128914,0.42879166666665763,0.14102564102564102,0.31140531437125735,100,0,0.0,42
adaptive_no_confirmation,main,adaptive,0.08,0.0,,0.05,8,0.25,,,1.0,100,38.0,42.0,62.0,0.475,0.38,0.4222222222222222,0.4222222222222222,38.0,42.0,20.0,0.0,38.0,0.5260714999999809,0.4848240686403371,0.7534620266666474,0.32222222222222224,0.5245901639344261,100,0,0.0,42
adaptive_no_confirmation,main,adaptive,0.08,0.0,,0.05,8,0.25,,,2.0,100,56.0,42.0,44.0,0.5714285714285714,0.56,0.5656565656565656,0.5656565656565656,56.0,42.0,2.0,0.0,56.0,0.6234071562499839,0.7801873604910635,1.5922507833332977,0.46700507614213194,0.6632653061224489,100,0,0.0,42
adaptive_neither,main,adaptive,0.0,0.0,,0.05,8,0.25,,,0.5,100,17.0,44.0,83.0,0.2786885245901639,0.17,0.21118012422360247,0.21118012422360247,17.0,44.0,39.0,0.0,17.0,0.22208333333331076,0.2364520553921504,0.43220833333332415,0.13151528013582342,0.29489644970414186,100,0,0.0,44
adaptive_neither,main,adaptive,0.0,0.0,,0.05,8,0.25,,,1.0,100,37.0,44.0,63.0,0.4567901234567901,0.37,0.4088397790055249,0.4088397790055249,37.0,44.0,19.0,0.0,37.0,0.5371429999999826,0.47136655467340977,0.7568218799999801,0.3103402175917389,0.5111174242424242,100,0,0.0,44
adaptive_neither,main,adaptive,0.0,0.0,,0.05,8,0.25,,,2.0,100,54.0,44.0,46.0,0.5510204081632653,0.54,0.5454545454545455,0.5454545454545455,54.0,44.0,2.0,0.0,54.0,0.6234071562499839,0.7561590501928909,1.4047499999999673,0.4443886097152429,0.64,100,0,0.0,44
fixed_300ms,main,fixed,0.08,0.15,0.3,0.05,8,0.25,,,0.5,100,13.0,87.0,87.0,0.13,0.13,0.13,0.13,13.0,87.0,0.0,0.0,13.0,0.41833331874999025,0.3706566578525548,0.44678921999999077,0.07,0.20000000000000004,193,93,0.48186528497409326,87
fixed_300ms,main,fixed,0.08,0.15,0.3,0.05,8,0.25,,,1.0,100,13.0,87.0,87.0,0.13,0.13,0.13,0.13,13.0,87.0,0.0,0.0,13.0,0.41833331874999025,0.3706566578525548,0.44678921999999077,0.07,0.20000000000000004,193,93,0.48186528497409326,87
fixed_300ms,main,fixed,0.08,0.15,0.3,0.05,8,0.25,,,2.0,100,13.0,87.0,87.0,0.13,0.13,0.13,0.13,13.0,87.0,0.0,0.0,13.0,0.41833331874999025,0.3706566578525548,0.44678921999999077,0.07,0.20000000000000004,193,93,0.48186528497409326,87
fixed_500ms,main,fixed,0.08,0.15,0.5,0.05,8,0.25,,,0.5,100,15.0,70.0,85.0,0.17647058823529413,0.15,0.16216216216216214,0.16216216216216214,15.0,70.0,15.0,0.0,15.0,0.3790365520833192,0.3219477515277681,0.4889111595833585,0.08839779005524862,0.2386487154150197,125,25,0.2,70
fixed_500ms,main,fixed,0.08,0.15,0.5,0.05,8,0.25,,,1.0,100,30.0,70.0,70.0,0.3,0.3,0.3,0.3,30.0,70.0,0.0,0.0,30.0,0.5159071562499862,0.4616736661110995,0.6331617933333239,0.20999999999999996,0.39,125,25,0.2,70
fixed_500ms,main,fixed,0.08,0.15,0.5,0.05,8,0.25,,,2.0,100,30.0,70.0,70.0,0.3,0.3,0.3,0.3,30.0,70.0,0.0,0.0,30.0,0.5159071562499862,0.4616736661110995,0.6331617933333239,0.20999999999999996,0.39,125,25,0.2,70
fixed_800ms,main,fixed,0.08,0.15,0.8,0.05,8,0.25,,,0.5,100,15.0,50.0,85.0,0.23076923076923078,0.15,0.18181818181818185,0.18181818181818185,15.0,50.0,35.0,0.0,15.0,0.23702774999997933,0.2539654994444267,0.37384619999997976,0.10284981684981685,0.26506024096385544,122,22,0.18032786885245902,50
fixed_800ms,main,fixed,0.08,0.15,0.8,0.05,8,0.25,,,1.0,100,50.0,50.0,50.0,0.5,0.5,0.5,0.5,50.0,50.0,0.0,0.0,50.0,0.7782207541666462,0.6396469800833162,0.9281801499999797,0.4000000000000001,0.6,122,22,0.18032786885245902,50
fixed_800ms,main,fixed,0.08,0.15,0.8,0.05,8,0.25,,,2.0,100,50.0,50.0,50.0,0.5,0.5,0.5,0.5,50.0,50.0,0.0,0.0,50.0,0.7782207541666462,0.6396469800833162,0.9281801499999797,0.4000000000000001,0.59,122,22,0.18032786885245902,50
cluster_40ms,sensitivity,adaptive,0.04,0.15,,0.05,8,0.25,,,0.5,100,12.0,35.0,88.0,0.2553191489361702,0.12,0.16326530612244897,0.16326530612244897,12.0,35.0,53.0,0.0,12.0,0.30787990937499277,0.30082370868054426,0.40577083333331976,0.08694088207694714,0.24661785545583348,109,9,0.08256880733944955,35
cluster_40ms,sensitivity,adaptive,0.04,0.15,,0.05,8,0.25,,,1.0,100,40.0,35.0,60.0,0.5333333333333333,0.4,0.4571428571428572,0.4571428571428572,40.0,35.0,25.0,0.0,40.0,0.6709374999999795,0.6030268089583152,0.8264453968749772,0.3562895327484187,0.5632183908045978,109,9,0.08256880733944955,35
cluster_40ms,sensitivity,adaptive,0.04,0.15,,0.05,8,0.25,,,2.0,100,60.0,35.0,40.0,0.631578947368421,0.6,0.6153846153846154,0.6153846153846154,60.0,35.0,5.0,0.0,60.0,0.7784071562499806,0.8436952135763713,1.3345585827083084,0.5204081632653061,0.7083914974619286,109,9,0.08256880733944955,35
cluster_120ms,sensitivity,adaptive,0.12,0.15,,0.05,8,0.25,,,0.5,100,8.0,34.0,92.0,0.19047619047619047,0.08,0.11267605633802817,0.11267605633802817,8.0,34.0,58.0,0.0,8.0,0.3713541666666407,0.33148984401040194,0.45132562562497586,0.043478260869565216,0.18443009118541018,109,9,0.08256880733944955,34
cluster_120ms,sensitivity,adaptive,0.12,0.15,,0.05,8,0.25,,,1.0,100,40.0,34.0,60.0,0.5405405405405406,0.4,0.45977011494252873,0.45977011494252873,40.0,34.0,26.0,0.0,40.0,0.6709374999999795,0.6311518089583146,0.8264453968749772,0.35835053674649053,0.5652488062327216,109,9,0.08256880733944955,34
cluster_120ms,sensitivity,adaptive,0.12,0.15,,0.05,8,0.25,,,2.0,100,60.0,34.0,40.0,0.6382978723404256,0.6,0.6185567010309279,0.6185567010309279,60.0,34.0,6.0,0.0,60.0,0.7784071562499806,0.8624452135763709,1.3345585827083084,0.523076923076923,0.7106598984771574,109,9,0.08256880733944955,34
confirm_75ms,sensitivity,adaptive,0.08,0.075,,0.05,8,0.25,,,0.5,100,17.0,39.0,83.0,0.30357142857142855,0.17,0.21794871794871798,0.21794871794871798,17.0,39.0,44.0,0.0,17.0,0.32977943333332593,0.33401308002449653,0.48574973333331595,0.13420581655480987,0.30666666666666664,103,3,0.02912621359223301,39
confirm_75ms,sensitivity,adaptive,0.08,0.075,,0.05,8,0.25,,,1.0,100,38.0,39.0,62.0,0.4935064935064935,0.38,0.42937853107344626,0.42937853107344626,38.0,39.0,23.0,0.0,38.0,0.5672916666666432,0.5448611739034914,0.81970223999998,0.3296672077922079,0.5333522727272725,103,3,0.02912621359223301,39
confirm_75ms,sensitivity,adaptive,0.08,0.075,,0.05,8,0.25,,,2.0,100,56.0,39.0,44.0,0.5894736842105263,0.56,0.5743589743589743,0.5743589743589743,56.0,39.0,5.0,0.0,56.0,0.7009374999999776,0.7989943545014743,1.314057643750008,0.4717948717948719,0.6666666666666666,103,3,0.02912621359223301,39
confirm_250ms,sensitivity,adaptive,0.08,0.25,,0.05,8,0.25,,,0.5,100,6.0,29.0,94.0,0.17142857142857143,0.06,0.08888888888888888,0.08888888888888888,6.0,29.0,65.0,0.0,6.0,0.4565625000000142,0.38216006979165523,0.4724177093749806,0.029197080291970802,0.15827338129496404,116,16,0.13793103448275862,29
confirm_250ms,sensitivity,adaptive,0.08,0.25,,0.05,8,0.25,,,1.0,100,39.0,29.0,61.0,0.5735294117647058,0.39,0.46428571428571425,0.46428571428571425,39.0,29.0,32.0,0.0,39.0,0.7699999999999738,0.7050728553418608,0.9065833333333023,0.35714285714285715,0.5697690658698195,116,16,0.13793103448275862,29
confirm_250ms,sensitivity,adaptive,0.08,0.25,,0.05,8,0.25,,,2.0,100,64.0,29.0,36.0,0.6881720430107527,0.64,0.6632124352331608,0.6632124352331608,64.0,29.0,7.0,0.0,64.0,0.8951041666666457,0.9595580127278457,1.4606737914583776,0.5654450261780104,0.7512703784277388,116,16,0.13793103448275862,29
theta_0p02,theta,adaptive,0.08,0.15,,0.02,8,0.25,,,0.5,100,7.0,23.0,93.0,0.23333333333333334,0.07,0.1076923076923077,0.1076923076923077,7.0,23.0,70.0,0.0,7.0,0.4874264999999941,0.3980268437499939,0.49283825999998915,0.04509607351712615,0.18181818181818182,110,10,0.09090909090909091,23
theta_0p02,theta,adaptive,0.08,0.15,,0.02,8,0.25,,,1.0,100,26.0,23.0,74.0,0.5306122448979592,0.26,0.348993288590604,0.348993288590604,26.0,23.0,51.0,0.0,26.0,0.7111458333333087,0.688878285737163,0.9413541666666458,0.24813518648135188,0.45400167317345225,110,10,0.09090909090909091,23
theta_0p02,theta,adaptive,0.08,0.15,,0.02,8,0.25,,,2.0,100,67.0,23.0,33.0,0.7444444444444445,0.67,0.7052631578947369,0.7052631578947369,67.0,23.0,10.0,0.0,67.0,1.0645833333333066,1.155676895957692,1.8120277499999462,0.6128811916093776,0.7916666666666667,110,10,0.09090909090909091,23
theta_0p10,theta,adaptive,0.08,0.15,,0.1,8,0.25,,,0.5,100,21.0,47.0,79.0,0.3088235294117647,0.21,0.25,0.25,21.0,47.0,32.0,0.0,21.0,0.3447794333333256,0.3292585568452259,0.494999999999977,0.16049382716049382,0.3391923204237007,111,11,0.0990990990990991,47
theta_0p10,theta,adaptive,0.08,0.15,,0.1,8,0.25,,,1.0,100,42.0,47.0,58.0,0.47191011235955055,0.42,0.4444444444444445,0.4444444444444445,42.0,47.0,11.0,0.0,42.0,0.5024256666666527,0.5296418140872877,0.837027749999967,0.34375,0.5454545454545454,111,11,0.0990990990990991,47
theta_0p10,theta,adaptive,0.08,0.15,,0.1,8,0.25,,,2.0,100,53.0,47.0,47.0,0.53,0.53,0.53,0.53,53.0,47.0,0.0,0.0,53.0,0.6045833333333164,0.7027921557389798,1.4473498716666995,0.44,0.63,111,11,0.0990990990990991,47
theta_0p20,theta,adaptive,0.08,0.15,,0.2,8,0.25,,,0.5,100,25.0,61.0,75.0,0.29069767441860467,0.25,0.26881720430107525,0.26881720430107525,25.0,61.0,14.0,0.0,25.0,0.279779433333327,0.29166658774998777,0.4239360999999832,0.18277126099706748,0.3606818974537843,145,45,0.3103448275862069,61
theta_0p20,theta,adaptive,0.08,0.15,,0.2,8,0.25,,,1.0,100,35.0,61.0,65.0,0.3645833333333333,0.35,0.3571428571428571,0.3571428571428571,35.0,61.0,4.0,0.0,35.0,0.40458333333332064,0.39502084767855905,0.6609257412500178,0.2666326530612246,0.45229498005491353,145,45,0.3103448275862069,61
theta_0p20,theta,adaptive,0.08,0.15,,0.2,8,0.25,,,2.0,100,39.0,61.0,61.0,0.39,0.39,0.39,0.39,39.0,61.0,0.0,0.0,39.0,0.4120277499999756,0.4661238436431484,0.9089559933332995,0.3,0.48,145,45,0.3103448275862069,61
window_4,window,adaptive,0.08,0.15,,0.05,4,0.25,,,0.5,100,15.0,35.0,85.0,0.3,0.15,0.2,0.2,15.0,35.0,50.0,0.0,15.0,0.397426499999996,0.34544024624998637,0.4611525999999836,0.11592117610259618,0.2876712328767123,111,11,0.0990990990990991,35
window_4,window,adaptive,0.08,0.15,,0.05,4,0.25,,,1.0,100,41.0,35.0,59.0,0.5394736842105263,0.41,0.46590909090909094,0.46590909090909094,41.0,35.0,24.0,0.0,41.0,0.6049999999999773,0.5983042804877863,0.9099393124999775,0.3604355243002368,0.5666666666666667,111,11,0.0990990990990991,35
window_4,window,adaptive,0.08,0.15,,0.05,4,0.25,,,2.0,100,60.0,35.0,40.0,0.631578947368421,0.6,0.6153846153846154,0.6153846153846154,60.0,35.0,5.0,0.0,60.0,0.7643749999999776,0.8421812137499817,1.4646668068749857,0.5208333333333334,0.7070707070707072,111,11,0.0990990990990991,35
window_12,window,adaptive,0.08,0.15,,0.05,12,0.25,,,0.5,100,11.0,34.0,89.0,0.24444444444444444,0.11,0.15172413793103448,0.15172413793103448,11.0,34.0,55.0,0.0,11.0,0.4024264999999959,0.35248950037877064,0.4239583333333208,0.07998675496688741,0.23289895036470365,108,8,0.07407407407407407,34
window_12,window,adaptive,0.08,0.15,,0.05,12,0.25,,,1.0,100,40.0,34.0,60.0,0.5405405405405406,0.4,0.45977011494252873,0.45977011494252873,40.0,34.0,26.0,0.0,40.0,0.6955506666666489,0.6536049339583129,0.9171666666666447,0.3592814371257485,0.5632183908045978,108,8,0.07407407407407407,34
window_12,window,adaptive,0.08,0.15,,0.05,12,0.25,,,2.0,100,60.0,34.0,40.0,0.6382978723404256,0.6,0.6185567010309279,0.6185567010309279,60.0,34.0,6.0,0.0,60.0,0.8395037333333137,0.8899452135763748,1.37679664541672,0.523076923076923,0.7106598984771574,108,8,0.07407407407407407,34
floor_0p125,floor,adaptive,0.08,0.15,,0.05,8,0.125,,,0.5,100,12.0,34.0,88.0,0.2608695652173913,0.12,0.1643835616438356,0.1643835616438356,12.0,34.0,54.0,0.0,12.0,0.3897549166666517,0.3470737086805433,0.41207968333332395,0.08821919278660367,0.25,109,9,0.08256880733944955,34
floor_0p125,floor,adaptive,0.08,0.15,,0.05,8,0.125,,,1.0,100,40.0,34.0,60.0,0.5405405405405406,0.4,0.45977011494252873,0.45977011494252873,40.0,34.0,26.0,0.0,40.0,0.6709374999999795,0.6169018089583149,0.8264453968749772,0.35835053674649053,0.5652488062327216,109,9,0.08256880733944955,34
floor_0p125,floor,adaptive,0.08,0.15,,0.05,8,0.125,,,2.0,100,60.0,34.0,40.0,0.6382978723404256,0.6,0.6185567010309279,0.6185567010309279,60.0,34.0,6.0,0.0,60.0,0.7784071562499806,0.8529452135763711,1.3345585827083084,0.523076923076923,0.7106598984771574,109,9,0.08256880733944955,34
floor_0p50,floor,adaptive,0.08,0.15,,0.05,8,0.5,,,0.5,100,12.0,34.0,88.0,0.2608695652173913,0.12,0.1643835616438356,0.1643835616438356,12.0,34.0,54.0,0.0,12.0,0.3897549166666517,0.3470737086805433,0.41207968333332395,0.08821919278660367,0.25,109,9,0.08256880733944955,34
floor_0p50,floor,adaptive,0.08,0.15,,0.05,8,0.5,,,1.0,100,40.0,34.0,60.0,0.5405405405405406,0.4,0.45977011494252873,0.45977011494252873,40.0,34.0,26.0,0.0,40.0,0.6709374999999795,0.6169018089583149,0.8264453968749772,0.35835053674649053,0.5652488062327216,109,9,0.08256880733944955,34
floor_0p50,floor,adaptive,0.08,0.15,,0.05,8,0.5,,,2.0,100,60.0,34.0,40.0,0.6382978723404256,0.6,0.6185567010309279,0.6185567010309279,60.0,34.0,6.0,0.0,60.0,0.7784071562499806,0.8529452135763711,1.3345585827083084,0.523076923076923,0.7106598984771574,109,9,0.08256880733944955,34
max_cutoff_2s,clamp,adaptive,0.08,0.15,,0.05,8,0.25,,2.0,0.5,100,11.0,35.0,89.0,0.2391304347826087,0.11,0.15068493150684933,0.15068493150684933,11.0,35.0,54.0,0.0,11.0,0.4024264999999959,0.3470349549242253,0.4124264999999909,0.07998675496688741,0.23129251700680276,109,9,0.08256880733944955,35
max_cutoff_2s,clamp,adaptive,0.08,0.15,,0.05,8,0.25,,2.0,1.0,100,40.0,35.0,60.0,0.5333333333333333,0.4,0.4571428571428572,0.4571428571428572,40.0,35.0,25.0,0.0,40.0,0.6820089999999812,0.6312180937499803,0.8936507466666449,0.35714285714285715,0.560473515248796,109,9,0.08256880733944955,35
max_cutoff_2s,clamp,adaptive,0.08,0.15,,0.05,8,0.25,,2.0,2.0,100,65.0,35.0,35.0,0.65,0.65,0.65,0.65,65.0,35.0,0.0,0.0,65.0,0.8049999999999695,0.932250379967931,1.47806899666665,0.56,0.74,109,9,0.08256880733944955,35
max_cutoff_4s,clamp,adaptive,0.08,0.15,,0.05,8,0.25,,4.0,0.5,100,11.0,35.0,89.0,0.2391304347826087,0.11,0.15068493150684933,0.15068493150684933,11.0,35.0,54.0,0.0,11.0,0.4024264999999959,0.3470349549242253,0.4124264999999909,0.07998675496688741,0.23129251700680276,109,9,0.08256880733944955,35
max_cutoff_4s,clamp,adaptive,0.08,0.15,,0.05,8,0.25,,4.0,1.0,100,39.0,35.0,61.0,0.527027027027027,0.39,0.4482758620689655,0.4482758620689655,39.0,35.0,26.0,0.0,39.0,0.6718749999999831,0.6238095476495527,0.833854241666644,0.3472932747222318,0.5536723163841808,109,9,0.08256880733944955,35
max_cutoff_4s,clamp,adaptive,0.08,0.15,,0.05,8,0.25,,4.0,2.0,100,59.0,35.0,41.0,0.6276595744680851,0.59,0.6082474226804124,0.6082474226804124,59.0,35.0,6.0,0.0,59.0,0.7799393124999803,0.8615120816030886,1.338911117499985,0.5104166666666666,0.700507614213198,109,9,0.08256880733944955,35
