metric,candidate,trial_rows,valid_trial_rows,trial_coverage,call_count,pairwise_cells_with_any_valid_trial,actual_mean,mismatched_mean,association_excess_mean,actual_source_mean,mismatched_source_mean,association_excess_source_mean,source_cluster_count,actual_mean_call_jackknife_replicates,actual_mean_call_jackknife_se,actual_mean_call_jackknife_ci95_low,actual_mean_call_jackknife_ci95_high,actual_mean_call_leave_one_out_min,actual_mean_call_leave_one_out_max,actual_mean_source_jackknife_replicates,actual_mean_source_jackknife_se,actual_mean_source_jackknife_ci95_low,actual_mean_source_jackknife_ci95_high,actual_mean_source_leave_one_out_min,actual_mean_source_leave_one_out_max,mismatched_mean_call_jackknife_replicates,mismatched_mean_call_jackknife_se,mismatched_mean_call_jackknife_ci95_low,mismatched_mean_call_jackknife_ci95_high,mismatched_mean_call_leave_one_out_min,mismatched_mean_call_leave_one_out_max,mismatched_mean_source_jackknife_replicates,mismatched_mean_source_jackknife_se,mismatched_mean_source_jackknife_ci95_low,mismatched_mean_source_jackknife_ci95_high,mismatched_mean_source_leave_one_out_min,mismatched_mean_source_leave_one_out_max,association_excess_mean_call_jackknife_replicates,association_excess_mean_call_jackknife_se,association_excess_mean_call_jackknife_ci95_low,association_excess_mean_call_jackknife_ci95_high,association_excess_mean_call_leave_one_out_min,association_excess_mean_call_leave_one_out_max,association_excess_mean_source_jackknife_replicates,association_excess_mean_source_jackknife_se,association_excess_mean_source_jackknife_ci95_low,association_excess_mean_source_jackknife_ci95_high,association_excess_mean_source_leave_one_out_min,association_excess_mean_source_leave_one_out_max
contour_r,amt_small_raw,9000,8807,0.978556,100,10000,-0.022289,-0.007620,-0.014669,-0.021636,-0.005889,-0.015747,87,100,0.016613,-0.054852,0.010273,-0.027297,-0.018611,87,0.017444,-0.055827,0.012555,-0.027393,-0.017394,100,0.004759,-0.016947,0.001707,-0.008768,-0.006739,87,0.004507,-0.014723,0.002946,-0.007012,-0.005033,100,0.016904,-0.047801,0.018463,-0.019576,-0.010195,87,0.017713,-0.050464,0.018969,-0.021636,-0.010799
contour_r,amt_small_controlled,9000,8980,0.997778,100,10000,-0.038983,0.004656,-0.043639,-0.044173,0.003750,-0.047923,87,100,0.026010,-0.089962,0.011996,-0.045638,-0.030670,87,0.025529,-0.094210,0.005864,-0.051894,-0.035970,100,0.004008,-0.003199,0.012512,0.003508,0.005442,87,0.003484,-0.003078,0.010578,0.002376,0.004571,100,0.025499,-0.093617,0.006339,-0.049385,-0.035875,87,0.025405,-0.097717,0.001871,-0.054684,-0.039401
contour_r,motif_transform_baseline,9000,8939,0.993222,100,10000,-0.650753,-0.002995,-0.647758,-0.644929,-0.000674,-0.644255,87,100,0.022242,-0.694348,-0.607157,-0.658266,-0.647277,87,0.021907,-0.687866,-0.601992,-0.652737,-0.640988,100,0.010630,-0.023831,0.017841,-0.005085,-0.001263,87,0.009540,-0.019372,0.018024,-0.002624,0.002055,100,0.021985,-0.690848,-0.604667,-0.654944,-0.643164,87,0.021765,-0.686915,-0.601595,-0.651578,-0.639411
interval_2gram_dice,amt_small_raw,9000,9000,1.000000,100,10000,0.208753,0.070153,0.138600,0.227178,0.075268,0.151910,87,100,0.015973,0.177445,0.240060,0.204439,0.210861,87,0.017002,0.193855,0.260501,0.222426,0.229820,100,0.007152,0.056134,0.084171,0.068569,0.071291,87,0.008014,0.059560,0.090975,0.073555,0.078254,100,0.010672,0.117683,0.159517,0.135398,0.140324,87,0.011590,0.129195,0.174626,0.148373,0.154063
interval_2gram_dice,amt_small_controlled,9000,8986,0.998444,100,10000,0.100586,0.058701,0.041885,0.110185,0.062618,0.047567,87,100,0.009493,0.081980,0.119192,0.096661,0.101602,87,0.010399,0.089804,0.130567,0.105778,0.111466,100,0.005591,0.047743,0.069659,0.057307,0.059717,87,0.006450,0.049976,0.075261,0.061086,0.065291,100,0.006221,0.029691,0.054079,0.039076,0.042963,87,0.007320,0.033219,0.061914,0.044392,0.048897
interval_2gram_dice,motif_transform_baseline,9000,8940,0.993333,100,10000,0.071689,0.056845,0.014844,0.077566,0.060614,0.016952,87,100,0.007147,0.057680,0.085697,0.069239,0.072413,87,0.007670,0.062532,0.092600,0.074814,0.078468,100,0.005834,0.045411,0.068278,0.055685,0.057939,87,0.006868,0.047152,0.074076,0.059354,0.063612,100,0.005200,0.004651,0.025037,0.013388,0.015943,87,0.006260,0.004682,0.029221,0.014856,0.018248
onset_profile_cosine,amt_small_raw,9000,9000,1.000000,100,10000,0.681549,0.671664,0.009886,0.691656,0.679985,0.011671,87,100,0.009895,0.662156,0.700943,0.679852,0.683703,87,0.009914,0.672224,0.711088,0.689819,0.694253,100,0.009349,0.653339,0.689989,0.670009,0.673866,87,0.009713,0.660947,0.699022,0.678159,0.683615,100,0.002749,0.004497,0.015275,0.009184,0.010557,87,0.003353,0.005100,0.018242,0.010449,0.012641
onset_profile_cosine,amt_small_controlled,9000,9000,1.000000,100,10000,0.625661,0.595760,0.029901,0.633696,0.601867,0.031829,87,100,0.008671,0.608667,0.642656,0.623096,0.627766,87,0.009138,0.615785,0.651607,0.630836,0.636026,100,0.008981,0.578158,0.613363,0.593874,0.597935,87,0.010583,0.581124,0.622610,0.599821,0.608049,100,0.006420,0.017318,0.042484,0.027961,0.031394,87,0.007767,0.016606,0.047052,0.026254,0.033165
onset_profile_cosine,motif_transform_baseline,9000,9000,1.000000,100,10000,0.754704,0.601759,0.152945,0.764325,0.608182,0.156143,87,100,0.013377,0.728485,0.780923,0.752226,0.758654,87,0.013990,0.736905,0.791744,0.761584,0.768983,100,0.010744,0.580700,0.622818,0.599215,0.604263,87,0.012916,0.582867,0.633496,0.605503,0.615935,100,0.013233,0.127009,0.178882,0.149055,0.156238,87,0.015342,0.126072,0.186214,0.149499,0.159964
