comparison,descriptive_paired_rows,independent_calls,source_clusters,mean_difference,call_cluster_ci95_low,call_cluster_ci95_high,positive_call_fraction,source_cluster_mean_difference,source_cluster_ci95_low,source_cluster_ci95_high,leave_one_source_out_min,leave_one_source_out_max,metric
A1_minus_A0,9000,100,87,0.013297,0.007294,0.019632,0.540000,0.013364,0.007211,0.019891,0.011993,0.014335,SCC
A2_minus_A1,9000,100,87,0.036439,0.028276,0.045060,0.850000,0.033175,0.025187,0.041505,0.034184,0.037319,SCC
A3_minus_A2,9000,100,87,0.029822,0.022882,0.036700,0.920000,0.033350,0.027491,0.039307,0.028464,0.034949,SCC
A4_minus_A3,9000,100,87,0.000000,0.000000,0.000000,0.000000,0.000000,0.000000,0.000000,0.000000,0.000000,SCC
A5_minus_A4,9000,100,87,0.068403,0.056710,0.080175,0.910000,0.069800,0.056995,0.082568,0.066945,0.070791,SCC
A6_minus_A5,9000,100,87,0.023681,0.018953,0.028472,0.910000,0.023581,0.019380,0.027860,0.022643,0.025113,SCC
A1_minus_A0,9000,100,87,0.003016,-0.007194,0.013209,0.450000,0.000609,-0.010102,0.011191,-0.000259,0.004692,constraint_target
A2_minus_A1,9000,100,87,-0.004862,-0.015812,0.006092,0.460000,-0.007899,-0.019404,0.003540,-0.007431,-0.002911,constraint_target
A3_minus_A2,9000,100,87,0.013447,0.006283,0.021017,0.620000,0.011306,0.004066,0.018819,0.011334,0.014340,constraint_target
A4_minus_A3,9000,100,87,0.000000,0.000000,0.000000,0.000000,0.000000,0.000000,0.000000,0.000000,0.000000,constraint_target
A5_minus_A4,9000,100,87,0.188751,0.168735,0.209429,1.000000,0.190976,0.169328,0.213291,0.186141,0.192786,constraint_target
A6_minus_A5,9000,100,87,0.045737,0.039870,0.050996,0.960000,0.048312,0.043508,0.052842,0.044984,0.048769,constraint_target
A1_minus_A0,9000,100,87,0.020742,0.012333,0.029644,0.610000,0.022601,0.013273,0.032332,0.019283,0.022056,remaining_components
A2_minus_A1,9000,100,87,0.066347,0.053928,0.079100,0.860000,0.062919,0.050107,0.076028,0.063466,0.067435,remaining_components
A3_minus_A2,9000,100,87,0.041680,0.029769,0.053019,0.940000,0.049312,0.039755,0.058759,0.039197,0.051471,remaining_components
A4_minus_A3,9000,100,87,0.000000,0.000000,0.000000,0.000000,0.000000,0.000000,0.000000,0.000000,0.000000,remaining_components
A5_minus_A4,9000,100,87,-0.018746,-0.033296,-0.004426,0.410000,-0.017948,-0.033626,-0.002450,-0.021773,-0.016788,remaining_components
A6_minus_A5,9000,100,87,0.007709,0.001550,0.014360,0.530000,0.005672,-0.000334,0.012043,0.006061,0.008380,remaining_components
